{"Accuracy": 0.8840755988023952, "Sensitivity": 0.702372393961179, "Specificity": 0.9480141664558563, "AUC": 0.9120326352615918}