{"Accuracy": 0.8609200558213717, "Sensitivity": 0.7719946617390412, "Specificity": 0.9448319287028965, "AUC": 0.9338339166232409}