{"Accuracy": 0.8660300925925926, "Sensitivity": 0.68, "Specificity": 0.9290972491282449, "AUC": 0.8753426689544473}