{"Accuracy": 0.7758921451355661, "Sensitivity": 0.5552304691510112, "Specificity": 0.984113145403468, "AUC": 0.8855112650626127}