{"Accuracy": 0.8656437125748503, "Sensitivity": 0.5154565061107117, "Specificity": 0.9888692132557552, "AUC": 0.8941528860953006}