{"Accuracy": 0.8789623205741627, "Sensitivity": 0.8223488348218869, "Specificity": 0.932383996900126, "AUC": 0.9501266083731783}