{"Accuracy": 0.8512731481481481, "Sensitivity": 0.6937142857142857, "Specificity": 0.9046881053855095, "AUC": 0.8613091271378757}