{"Accuracy": 0.8475860778443114, "Sensitivity": 0.6628324946081955, "Specificity": 0.9125980268150772, "AUC": 0.8502385506334951}