{"Accuracy": 0.8836077844311377, "Sensitivity": 0.7437095614665709, "Specificity": 0.9328358208955224, "AUC": 0.9158734832338933}