{"Accuracy": 0.8544560185185185, "Sensitivity": 0.7097142857142857, "Specificity": 0.903525765207284, "AUC": 0.8684616150993525}