{"Accuracy": 0.8683449074074074, "Sensitivity": 0.6342857142857142, "Specificity": 0.9476946919798528, "AUC": 0.8715707090275088}