{"Accuracy": 0.8529954146730463, "Sensitivity": 0.7416076378195258, "Specificity": 0.9581032645548775, "AUC": 0.932822722331897}