{"Accuracy": 0.8824850299401198, "Sensitivity": 0.6567217828900072, "Specificity": 0.9619276498861624, "AUC": 0.8997782944930031}