{"Accuracy": 0.8487340510366826, "Sensitivity": 0.728980597474592, "Specificity": 0.961735929477865, "AUC": 0.9324256166018289}