{"Accuracy": 0.8697916666666666, "Sensitivity": 0.6525714285714286, "Specificity": 0.9434327779930259, "AUC": 0.8738792273205293}