{"Accuracy": 0.8873502994011976, "Sensitivity": 0.6746944644140905, "Specificity": 0.9621806223121679, "AUC": 0.9129018301491119}