{"Accuracy": 0.8528458931419458, "Sensitivity": 0.7414536495226363, "Specificity": 0.9579579579579579, "AUC": 0.9350766788525713}