{"Accuracy": 0.8689236111111112, "Sensitivity": 0.6514285714285715, "Specificity": 0.9426578845408756, "AUC": 0.8667661482260476}