{"Accuracy": 0.8807073353293413, "Sensitivity": 0.6646297627606039, "Specificity": 0.9567417151530483, "AUC": 0.8916570339519547}