{"Accuracy": 0.8173594497607656, "Sensitivity": 0.6558361564521097, "Specificity": 0.969776227840744, "AUC": 0.8976949445148378}