{"Accuracy": 0.8387908692185008, "Sensitivity": 0.7280053382609588, "Specificity": 0.9433304272013949, "AUC": 0.9067973004447865}