{"Accuracy": 0.8796781437125748, "Sensitivity": 0.6768511861969806, "Specificity": 0.9510498355679231, "AUC": 0.8987935024823487}