{"Accuracy": 0.7903039127837514, "AUC1": 0.7590451016995745, "AUC2": 0.554943083470084, "AUC3": 0.6258331345941747, "AUC4": 0.7339303168601485, "AUC5": 0.6417571799572257, "AUC_Macro": 0.6631017633162414, "AUC_Micro": 0.8689399454898447, "kappa": 0.6742035128864277}