{"Accuracy": 0.5381540697674418, "AUC1": 0.6678501933569707, "AUC2": 0.6002425928321904, "AUC3": 0.6853155799615211, "AUC4": 0.6645672490857375, "AUC_Macro": 0.6544939038091049, "AUC_Micro": 0.6921027131782946, "kappa": 0.5580055955519072}