{"Accuracy": 0.5224358974358975, "AUC1": 0.6576445159494289, "AUC2": 0.5894760246053509, "AUC3": 0.6779924864316228, "AUC4": 0.6624738976446022, "AUC_Macro": 0.6468967311577511, "AUC_Micro": 0.6816239316239315, "kappa": 0.5552443022654567}