{"Accuracy": 0.7600059737156512, "AUC1": 0.7844637343842304, "AUC2": 0.5609113119669871, "AUC3": 0.6719086875399566, "AUC4": 0.732928755382742, "AUC5": 0.6584039871677361, "AUC_Macro": 0.6817232952883303, "AUC_Micro": 0.850003733572282, "kappa": 0.6547581588200434}