{"Accuracy": 0.7594498502994012, "AUC1": 0.7771840362662553, "AUC2": 0.5624483445182532, "AUC3": 0.6721224991542425, "AUC4": 0.7352764923851568, "AUC5": 0.6605483657713985, "AUC_Macro": 0.6815159476190613, "AUC_Micro": 0.8496561564371258, "kappa": 0.6484445194384303}