{"Accuracy": 0.7856156201000523, "AUC1": 0.7863597653861082, "AUC2": 0.5578060318738052, "AUC3": 0.649223835829595, "AUC4": 0.7618685021943403, "AUC5": 0.7069074005141386, "AUC_Macro": 0.6924331071595975, "AUC_Micro": 0.8660097625625326, "kappa": 0.7092444621949565}