{"Accuracy": 0.502314649953707, "AUC1": 0.6799147226718002, "AUC2": 0.5849371252110093, "AUC3": 0.707195771789557, "AUC4": 0.6922265054418856, "AUC_Macro": 0.666068531278563, "AUC_Micro": 0.6682097666358047, "kappa": 0.5796398426071219}