{"Accuracy": 0.7792130217277682, "AUC1": 0.7876615990748775, "AUC2": 0.5592692636057421, "AUC3": 0.6503792170888487, "AUC4": 0.7614017970186624, "AUC5": 0.7076029133888541, "AUC_Macro": 0.693262958035397, "AUC_Micro": 0.8620081385798553, "kappa": 0.7011383931937041}