{"Accuracy": 0.7563279325020533, "AUC1": 0.7845227493774664, "AUC2": 0.5621021924781473, "AUC3": 0.6499225291745176, "AUC4": 0.758585880643168, "AUC5": 0.7106045730304037, "AUC_Macro": 0.6931475849407406, "AUC_Micro": 0.8477049578137833, "kappa": 0.6713250796694153}