{"Accuracy": 0.551456448970871, "AUC1": 0.5891839889310461, "AUC2": 0.5913861067737508, "AUC3": 0.670051453964294, "AUC4": 0.603161410193546, "AUC_Macro": 0.6134457399656592, "AUC_Micro": 0.7009709659805807, "kappa": 0.5150019040624454}