{"Accuracy": 0.5050210098995798, "AUC1": 0.6715068773148353, "AUC2": 0.5849794742494999, "AUC3": 0.689614447181983, "AUC4": 0.7090745144553818, "AUC_Macro": 0.663793828300425, "AUC_Micro": 0.6700140065997199, "kappa": 0.5810872550809483}