{"Accuracy": 0.5035966099280678, "AUC1": 0.6831280396820232, "AUC2": 0.5994408090005554, "AUC3": 0.6994411357462138, "AUC4": 0.6705412979077661, "AUC_Macro": 0.6631378205841396, "AUC_Micro": 0.6690644066187118, "kappa": 0.593116412747879}