{"Accuracy": 0.5113595897728082, "AUC1": 0.6756806410679888, "AUC2": 0.6027800801610816, "AUC3": 0.6840419803615002, "AUC4": 0.6898660195487438, "AUC_Macro": 0.6630921802848286, "AUC_Micro": 0.6742397265152054, "kappa": 0.5990906250584732}