{"Accuracy": 0.8674768518518519, "Sensitivity": 0.648, "Specificity": 0.9418829910887253, "AUC": 0.8672576520728399}