{"Accuracy": 0.8792103293413174, "Sensitivity": 0.6700215672178289, "Specificity": 0.952820642549962, "AUC": 0.8905949043969736}