{"Accuracy": 0.8577053429027113, "Sensitivity": 0.7539780310029771, "Specificity": 0.9555846168749395, "AUC": 0.9370721397455752}