{"Accuracy": 0.5892857142857143, "Sensitivity": 0.6962264150943396, "Specificity": 0.4344262295081967, "AUC1": 0.6331797235023041, "AUC2": 0.5653263223012681, "AUC3": 0.6192056705670567, "AUC4": 0.587432845254398, "AUC_Macro": 0.6012861404062568, "AUC_Micro": 0.7083333333333333, "kappa": 0.4479154658981749}