{"Accuracy": 0.6049107142857143, "Sensitivity": 0.7320754716981132, "Specificity": 0.4207650273224044, "AUC1": 0.6344305464121133, "AUC2": 0.5764202495102587, "AUC3": 0.6182493249324932, "AUC4": 0.529144281751466, "AUC_Macro": 0.5895611006515828, "AUC_Micro": 0.7202380952380952, "kappa": 0.43065693430656937}