{"Accuracy": 0.5736607142857143, "Sensitivity": 0.5018867924528302, "Specificity": 0.6775956284153005, "AUC1": 0.7135834979152952, "AUC2": 0.5897412104340654, "AUC3": 0.6415391539153915, "AUC4": 0.6842234629024896, "AUC_Macro": 0.6572718312918104, "AUC_Micro": 0.6919642857142857, "kappa": 0.5356094683282944}