{"Accuracy": 0.581031976744186, "AUC1": 0.6555591872961714, "AUC2": 0.6108002328891189, "AUC3": 0.6321013897294842, "AUC4": 0.578406474332927, "AUC_Macro": 0.6192168210619253, "AUC_Micro": 0.720687984496124, "kappa": 0.5167141853642412}