{"Accuracy": 0.5686773255813954, "AUC1": 0.6069080356911524, "AUC2": 0.5929216802518653, "AUC3": 0.6376763814875501, "AUC4": 0.5025226872545036, "AUC_Macro": 0.5850071961712678, "AUC_Micro": 0.7124515503875969, "kappa": 0.4519832595171668}