{"Accuracy": 0.7935067365269461, "AUC1": 0.772106991529133, "AUC2": 0.5285801935689551, "AUC3": 0.7217080222453712, "AUC4": 0.6710149381337084, "AUC5": 0.5022996851434782, "AUC_Macro": 0.6391419661241291, "AUC_Micro": 0.8709417103293413, "kappa": 0.6719977124493224}