{"Accuracy": 0.5959302325581395, "Sensitivity": 0.5776081424936387, "Specificity": 0.6203389830508474, "AUC1": 0.6706542553191489, "AUC2": 0.5989735627722431, "AUC3": 0.6830627901616673, "AUC4": 0.6910906896638424, "AUC_Macro": 0.6609453244792254, "AUC_Micro": 0.6954941860465116, "kappa": 0.5469902419278792}