{"Accuracy": 0.5792151162790697, "Sensitivity": 0.6030534351145038, "Specificity": 0.5474576271186441, "AUC1": 0.6441702127659575, "AUC2": 0.5752555311165739, "AUC3": 0.6460208751769781, "AUC4": 0.6452367183767882, "AUC_Macro": 0.6276708343590743, "AUC_Micro": 0.6833817829457365, "kappa": 0.5143049572745515}