{"Accuracy": 0.9036458333333334, "Sensitivity": 0.13877551020408163, "Specificity": 0.9620056057303021, "AUC1": 0.7889154812641833, "AUC2": 0.5503905579671918, "AUC3": 0.6960194224841693, "AUC4": 0.7461131505074499, "AUC_Macro": 0.6887499756385593, "AUC_Micro": 0.8571325231481483, "kappa": 0.6277503043414685}