{"Accuracy": 0.9046594311377245, "Sensitivity": 0.15558510638297873, "Specificity": 0.961352657004831, "AUC1": 0.7865868872988746, "AUC2": 0.5584688816939049, "AUC3": 0.6697755923929852, "AUC4": 0.730826177488589, "AUC5": 0.6679872273998033, "AUC_Macro": 0.6827289532548314, "AUC_Micro": 0.8518782747005987, "kappa": 0.6572600561099655}