{"Accuracy": 0.5446428571428571, "Sensitivity": 0.48867924528301887, "Specificity": 0.6256830601092896, "AUC1": 0.6451832345841563, "AUC2": 0.5571811526961542, "AUC3": 0.6504275427542754, "AUC4": 0.6533410583236771, "AUC_Macro": 0.6265332470895657, "AUC_Micro": 0.6651785714285714, "kappa": 0.45743317738907596}