{"Accuracy": 0.8394461077844312, "Sensitivity": 0.17287234042553193, "Specificity": 0.8898953301127214, "AUC1": 0.7404648400154001, "AUC2": 0.5313838352691266, "AUC3": 0.5623045407398227, "AUC4": 0.5297709748521716, "AUC_Macro": 0.5727848381753042, "AUC_Micro": 0.8315283495508982, "kappa": 0.55188891323411}