{"Accuracy": 0.59375, "Sensitivity": 0.6119592875318066, "Specificity": 0.5694915254237288, "AUC1": 0.6533829787234042, "AUC2": 0.5907254064777677, "AUC3": 0.6384379836027789, "AUC4": 0.6149272119276896, "AUC_Macro": 0.6243683951829101, "AUC_Micro": 0.695736434108527, "kappa": 0.49771720028371225}