{"Accuracy": 0.9069049401197605, "Sensitivity": 0.1768617021276596, "Specificity": 0.962157809983897, "AUC1": 0.7869963534506731, "AUC2": 0.5695097560557782, "AUC3": 0.6827181914303292, "AUC4": 0.7301038951997126, "AUC_Macro": 0.6909596182330424, "AUC_Micro": 0.8558546968562873, "kappa": 0.6569431501337908}