{"Accuracy": 0.6133720930232558, "Sensitivity": 0.7022900763358778, "Specificity": 0.49491525423728816, "AUC1": 0.6329148936170212, "AUC2": 0.5986026652865829, "AUC3": 0.6246748543018011, "AUC4": 0.5924873658009203, "AUC_Macro": 0.6121699447515814, "AUC_Micro": 0.7095445736434108, "kappa": 0.47886364333059417}