{"Accuracy": 0.5828488372093024, "Sensitivity": 0.5852417302798982, "Specificity": 0.5796610169491525, "AUC1": 0.6424893617021276, "AUC2": 0.5824513736145254, "AUC3": 0.6397303348589114, "AUC4": 0.6371722022477561, "AUC_Macro": 0.6254608181058301, "AUC_Micro": 0.685562015503876, "kappa": 0.4961687534606247}