{"Accuracy": 0.5904017857142857, "Sensitivity": 0.6132075471698113, "Specificity": 0.5573770491803278, "AUC1": 0.6595786701777486, "AUC2": 0.5852922981750696, "AUC3": 0.6431705670567056, "AUC4": 0.6457214087573299, "AUC_Macro": 0.6334407360417134, "AUC_Micro": 0.7046130952380952, "kappa": 0.4638308057925422}