{"Accuracy": 0.5926339285714286, "Sensitivity": 0.690566037735849, "Specificity": 0.45081967213114754, "AUC1": 0.6285275400482774, "AUC2": 0.5706928549334983, "AUC3": 0.6157740774077408, "AUC4": 0.6154183784542996, "AUC_Macro": 0.6076032127109541, "AUC_Micro": 0.7098214285714286, "kappa": 0.4230444173161799}