{"Accuracy": 0.581031976744186, "AUC1": 0.6455036947424576, "AUC2": 0.6093177211368439, "AUC3": 0.6486967903202792, "AUC4": 0.5848147771908437, "AUC_Macro": 0.622083245847606, "AUC_Micro": 0.720687984496124, "kappa": 0.5201633203545382}