{"Accuracy": 0.7971556886227545, "AUC1": 0.7777003539938189, "AUC2": 0.5515170654406364, "AUC3": 0.7111685742262298, "AUC4": 0.6830263165670857, "AUC5": 0.5766056001882417, "AUC_Macro": 0.6600035820832024, "AUC_Micro": 0.8732223053892215, "kappa": 0.6775338239397883}