{"Accuracy": 0.8780875748502994, "Sensitivity": 0.6351545650611071, "Specificity": 0.9635719706551986, "AUC": 0.888799659478382}