{"Accuracy": 0.8709490740740741, "Sensitivity": 0.6285714285714286, "Specificity": 0.9531189461449051, "AUC": 0.8725973321525433}