{"Accuracy": 0.8443730063795853, "Sensitivity": 0.716661533723437, "Specificity": 0.9648842390777874, "AUC": 0.9344418183545119}